state,county,staffed_beds,licensed_beds,icu_beds
AK,Anchorage,1077,1014,60
AK,Bethel,34,50,0
AK,Dillingham,16,16,0
AK,Fairbanks North Star,145,152,13
AK,Juneau,45,73,9
AK,Kenai Peninsula,76,77,6
AK,Ketchikan Gateway,25,25,4
AK,Kodiak Island,24,25,0
AK,Matanuska Susitna,74,74,14
AK,Nome,18,18,0
AK,North Slope,20,14,0
AK,Northwest Arctic,17,17,0
AK,Petersburg,12,12,0
AK,Sitka,25,27,0
AK,Valdez Cordova,24,24,0
AK,Wrangell,8,8,0
AL,Autauga,55,85,6
AL,Baldwin,362,410,44
AL,Barbour,30,74,5
AL,Bibb,25,35,0
AL,Blount,25,40,6
AL,Bullock,30,61,0
AL,Butler,44,72,7
AL,Calhoun,413,486,24
AL,Chambers,0,115,0
AL,Cherokee,45,60,0
AL,Chilton,26,30,6
AL,Choctaw,25,25,0
AL,Clarke,56,85,0
AL,Clay,46,53,4
AL,Coffee,99,131,7
AL,Colbert,300,363,22
AL,Conecuh,44,58,0
AL,Covington,128,187,13
AL,Crenshaw,57,93,0
AL,Cullman,185,185,12
AL,Dale,77,89,6
AL,Dallas,109,175,23
AL,De Kalb,97,134,12
AL,Elmore,70,138,5
AL,Escambia,95,142,14
AL,Etowah,590,739,40
AL,Fayette,45,61,8
AL,Franklin,74,125,7
AL,Geneva,73,83,6
AL,Greene,20,20,0
AL,Hale,28,39,0
AL,Houston,769,782,66
AL,Jackson,92,170,10
AL,Jefferson,3945,4750,281
AL,Lauderdale,233,358,36
AL,Lawrence,43,98,6
AL,Lee,372,314,20
AL,Limestone,97,102,10
AL,Macon,143,143,0
AL,Madison,1280,1241,58
AL,Marengo,37,99,5
AL,Marion,97,120,8
AL,Marshall,240,240,20
AL,Mobile,1490,1929,76
AL,Monroe,49,94,8
AL,Montgomery,1018,1226,58
AL,Morgan,320,393,23
AL,Pike,97,97,9
AL,Randolph,15,0,0
AL,Russell,105,128,8
AL,Saint Clair,40,40,6
AL,Shelby,246,286,32
AL,Sumter,33,33,0
AL,Talladega,207,285,14
AL,Tallapoosa,80,127,6
AL,Tuscaloosa,981,1087,52
AL,Walker,207,267,12
AL,Washington,15,25,0
AL,Wilcox,21,30,0
AL,Winston,49,59,4
AR,Arkansas,74,74,0
AR,Ashley,25,33,6
AR,Baxter,170,268,17
AR,Benton,439,524,30
AR,Boone,120,174,24
AR,Bradley,25,33,0
AR,Carroll,40,40,0
AR,Chicot,35,25,0
AR,Clark,25,25,0
AR,Clay,25,25,0
AR,Cleburne,25,25,0
AR,Columbia,30,49,6
AR,Conway,25,25,0
AR,Craighead,553,666,66
AR,Crawford,35,103,8
AR,Crittenden,63,52,0
AR,Cross,15,25,0
AR,Dallas,22,25,0
AR,Desha,50,50,0
AR,Drew,49,49,5
AR,Faulkner,355,371,25
AR,Franklin,25,25,0
AR,Fulton,25,25,0
AR,Garland,423,522,41
AR,Greene,114,129,8
AR,Hempstead,67,0,8
AR,Hot Spring,64,72,6
AR,Howard,20,20,0
AR,Independence,184,224,12
AR,Izard,25,25,0
AR,Jackson,133,133,0
AR,Jefferson,271,471,34
AR,Johnson,57,90,8
AR,Lawrence,25,25,0
AR,Little River,25,25,0
AR,Logan,40,41,0
AR,Miller,50,62,0
AR,Mississippi,124,25,5
AR,Ouachita,82,98,8
AR,Phillips,127,155,6
AR,Polk,41,65,6
AR,Pope,137,170,11
AR,Pulaski,3570,3887,144
AR,Randolph,32,50,2
AR,Saint Francis,56,118,6
AR,Saline,207,257,16
AR,Scott,24,24,0
AR,Sebastian,803,983,69
AR,Stone,25,25,0
AR,Union,111,166,16
AR,Van Buren,25,25,0
AR,Washington,900,1083,61
AR,White,465,465,13
AR,Yell,55,66,0
AS,American Samoa,120,0,0
AZ,Apache,162,50,0
AZ,Cochise,135,160,12
AZ,Coconino,396,381,41
AZ,Gila,58,196,8
AZ,Graham,49,49,0
AZ,La Paz,42,42,3
AZ,Maricopa,10040,10105,715
AZ,Mohave,551,610,80
AZ,Navajo,176,170,12
AZ,Pima,3108,3206,287
AZ,Pinal,262,214,24
AZ,Santa Cruz,25,25,0
AZ,Yavapai,374,364,39
AZ,Yuma,447,51,42
CA,Alameda,3633,2939,323
CA,Amador,52,52,6
CA,Butte,471,157,43
CA,Calaveras,25,48,0
CA,Contra Costa,1636,1624,163
CA,Del Norte,39,49,6
CA,El Dorado,189,174,28
CA,Fresno,3056,1750,141
CA,Glenn,15,47,0
CA,Humboldt,233,260,20
CA,Imperial,268,268,28
CA,Inyo,29,29,4
CA,Kern,1618,1330,137
CA,Kings,142,173,22
CA,Lake,50,62,8
CA,Lassen,25,38,0
CA,Los Angeles,22916,21234,2004
CA,Madera,464,464,52
CA,Marin,441,441,30
CA,Mariposa,18,18,0
CA,Mendocino,161,142,14
CA,Merced,242,226,24
CA,Modoc,20,20,0
CA,Mono,17,17,2
CA,Monterey,709,747,47
CA,Napa,318,359,48
CA,Nevada,129,139,10
CA,Orange,5985,5134,629
CA,Placer,693,732,70
CA,Plumas,42,44,0
CA,Riverside,3564,3583,365
CA,Sacramento,3530,2843,262
CA,San Benito,49,49,8
CA,San Bernardino,6383,3628,350
CA,San Diego,7504,6861,540
CA,San Francisco,2947,2397,293
CA,San Joaquin,1334,1192,110
CA,San Luis Obispo,1685,451,54
CA,San Mateo,2161,1600,110
CA,Santa Barbara,631,815,62
CA,Santa Clara,4395,3805,283
CA,Santa Cruz,354,358,22
CA,Shasta,571,581,81
CA,Siskiyou,50,61,8
CA,Solano,1006,678,92
CA,Sonoma,824,732,82
CA,Stanislaus,1380,1378,74
CA,Sutter,30,14,0
CA,Tehama,65,76,8
CA,Trinity,25,25,0
CA,Tulare,746,624,65
CA,Tuolumne,84,140,6
CA,Ventura,1456,1371,153
CA,Yolo,125,125,14
CA,Yuba,149,221,24
CO,Adams,1362,1434,161
CO,Alamosa,49,49,6
CO,Arapahoe,1156,1329,127
CO,Archuleta,11,11,0
CO,Baca,15,23,0
CO,Boulder,665,816,66
CO,Broomfield,92,100,20
CO,Chaffee,25,25,2
CO,Cheyenne,11,25,0
CO,Conejos,17,17,0
CO,Delta,49,49,6
CO,Denver,2030,2040,208
CO,Douglas,691,611,54
CO,Eagle,56,56,5
CO,El Paso,1497,921,91
CO,Fremont,25,25,4
CO,Garfield,53,103,5
CO,Grand,23,25,0
CO,Gunnison,20,24,0
CO,Huerfano,16,20,0
CO,Jefferson,496,653,46
CO,Kiowa,25,25,0
CO,Kit Carson,19,19,0
CO,La Plata,94,94,11
CO,Lake,8,25,0
CO,Larimer,560,554,43
CO,Las Animas,25,25,0
CO,Lincoln,15,15,0
CO,Logan,25,25,4
CO,Mesa,399,454,30
CO,Moffat,25,25,0
CO,Montezuma,25,25,4
CO,Montrose,50,75,8
CO,Morgan,61,75,6
CO,Otero,0,25,0
CO,Phillips,40,40,0
CO,Pitkin,25,25,4
CO,Prowers,25,25,0
CO,Pueblo,494,1207,17
CO,Rio Blanco,35,35,0
CO,Rio Grande,17,17,0
CO,Routt,39,39,4
CO,Sedgwick,9,15,0
CO,Summit,34,35,8
CO,Teller,15,15,0
CO,Weld,427,581,22
CO,Yuma,30,15,0
CT,Fairfield,1789,0,157
CT,Hartford,3278,867,216
CT,Litchfield,242,0,21
CT,Middlesex,736,0,24
CT,New Haven,2502,0,110
CT,New London,419,0,22
CT,Tolland,209,0,16
CT,Windham,148,0,6
DC,District Of Columbia,3077,4143,237
DE,Kent,414,88,29
DE,New Castle,1956,1448,93
DE,Sussex,507,349,18
FL,Alachua,2263,1598,66
FL,Baker,81,1163,0
FL,Bay,676,722,77
FL,Bradford,25,49,0
FL,Brevard,1867,1685,157
FL,Broward,5791,6482,525
FL,Calhoun,15,25,0
FL,Charlotte,595,699,51
FL,Citrus,332,332,40
FL,Clay,459,503,42
FL,Collier,1134,982,58
FL,Columbia,456,190,27
FL,Desoto,49,49,8
FL,Duval,3647,3831,351
FL,Escambia,1384,1648,85
FL,Flagler,99,99,18
FL,Franklin,25,25,0
FL,Gadsden,24,949,0
FL,Gulf,19,19,0
FL,Hardee,25,25,0
FL,Hendry,25,25,3
FL,Hernando,670,670,44
FL,Highlands,292,335,38
FL,Hillsborough,4069,4315,411
FL,Holmes,20,20,0
FL,Indian River,511,566,40
FL,Jackson,66,100,7
FL,Lake,1060,1100,118
FL,Lee,1698,1819,141
FL,Leon,822,1208,50
FL,Madison,25,25,0
FL,Manatee,867,895,98
FL,Marion,887,963,110
FL,Martin,466,478,57
FL,Miami Dade,9456,9381,540
FL,Monroe,129,143,14
FL,Nassau,54,62,0
FL,Okaloosa,441,436,51
FL,Okeechobee,100,100,8
FL,Orange,5568,4520,334
FL,Osceola,802,955,66
FL,Palm Beach,4144,4179,389
FL,Pasco,1312,1272,130
FL,Pinellas,3475,3923,276
FL,Polk,1641,1793,127
FL,Putnam,99,99,10
FL,Saint Johns,335,335,47
FL,Saint Lucie,728,861,54
FL,Santa Rosa,294,355,16
FL,Sarasota,1277,1532,118
FL,Seminole,879,934,38
FL,Sumter,40,40,0
FL,Suwannee,25,25,0
FL,Taylor,48,48,6
FL,Union,145,145,0
FL,Volusia,1514,1574,105
FL,Walton,112,126,28
FL,Washington,25,59,0
GA,Appling,34,49,3
GA,Bacon,25,25,4
GA,Baldwin,280,140,12
GA,Barrow,56,56,6
GA,Bartow,119,119,21
GA,Ben Hill,48,75,5
GA,Berrien,51,63,0
GA,Bibb,992,1142,115
GA,Bleckley,15,25,0
GA,Brooks,25,25,0
GA,Bulloch,182,189,24
GA,Burke,40,40,0
GA,Butts,25,25,0
GA,Camden,40,40,5
GA,Candler,25,25,6
GA,Carroll,197,303,18
GA,Catoosa,36,19,0
GA,Chatham,1354,1502,62
GA,Cherokee,114,105,0
GA,Clarke,564,597,92
GA,Clayton,319,416,34
GA,Clinch,15,25,0
GA,Cobb,1243,1278,81
GA,Coffee,86,88,10
GA,Colquitt,127,158,10
GA,Cook,33,60,0
GA,Coweta,250,186,23
GA,Crisp,65,73,16
GA,Dade,36,0,0
GA,Decatur,80,80,10
GA,Dekalb,1997,2227,278
GA,Dodge,40,94,6
GA,Dougherty,657,691,50
GA,Douglas,102,108,8
GA,Early,15,25,0
GA,Effingham,25,25,0
GA,Elbert,52,52,4
GA,Emanuel,45,72,8
GA,Evans,49,49,0
GA,Fannin,50,50,5
GA,Fayette,221,221,66
GA,Floyd,435,514,42
GA,Forsyth,304,304,24
GA,Franklin,56,56,8
GA,Fulton,3927,4992,519
GA,Glynn,401,401,0
GA,Gordon,69,69,8
GA,Grady,46,60,4
GA,Greene,25,25,0
GA,Gwinnett,945,931,70
GA,Habersham,53,53,4
GA,Hall,545,657,85
GA,Haralson,15,25,0
GA,Henry,215,215,0
GA,Houston,276,276,36
GA,Irwin,34,34,0
GA,Jackson,128,90,0
GA,Jasper,12,17,0
GA,Jeff Davis,25,25,4
GA,Jefferson,37,37,0
GA,Jenkins,15,25,0
GA,Lanier,25,25,0
GA,Laurens,145,190,16
GA,Liberty,64,25,0
GA,Lowndes,377,403,48
GA,Lumpkin,0,0,0
GA,Macon,22,49,0
GA,Mcduffie,25,25,0
GA,Meriwether,109,109,0
GA,Miller,25,25,0
GA,Mitchell,25,0,0
GA,Monroe,25,25,0
GA,Morgan,25,25,0
GA,Murray,29,42,0
GA,Muscogee,1627,1167,61
GA,Newton,94,101,10
GA,Paulding,112,112,8
GA,Peach,25,25,0
GA,Pickens,52,52,6
GA,Polk,25,25,0
GA,Pulaski,55,49,6
GA,Putnam,25,25,0
GA,Rabun,25,25,0
GA,Randolph,25,25,0
GA,Richmond,2160,2524,209
GA,Rockdale,138,138,16
GA,Screven,25,25,0
GA,Seminole,45,65,0
GA,Spalding,160,160,22
GA,Stephens,74,96,6
GA,Sumter,54,76,0
GA,Tattnall,25,25,0
GA,Thomas,226,264,35
GA,Tift,181,181,20
GA,Toombs,52,57,8
GA,Towns,25,25,0
GA,Troup,276,276,20
GA,Union,39,45,5
GA,Upson,87,115,28
GA,Walton,164,77,7
GA,Ware,134,231,10
GA,Washington,56,56,0
GA,Wayne,88,88,12
GA,Whitfield,246,282,26
GA,Wilkes,25,25,0
GA,Worth,25,25,0
GU,Guam,304,0,31
HI,Hawaii,296,531,24
HI,Honolulu,2716,2175,136
HI,Kauai,102,197,9
HI,Maui,247,366,20
IA,Adair,25,25,0
IA,Adams,22,22,0
IA,Allamakee,25,25,0
IA,Appanoose,25,45,3
IA,Audubon,25,25,0
IA,Benton,25,25,0
IA,Black Hawk,384,675,29
IA,Boone,25,42,0
IA,Bremer,37,50,0
IA,Buchanan,85,120,0
IA,Buena Vista,25,35,0
IA,Calhoun,25,25,2
IA,Carroll,66,116,6
IA,Cass,25,33,4
IA,Cerro Gordo,205,346,18
IA,Cherokee,61,83,0
IA,Chickasaw,8,18,0
IA,Clarke,25,25,0
IA,Clay,49,99,0
IA,Clayton,40,50,0
IA,Clinton,120,265,10
IA,Crawford,25,25,0
IA,Dallas,25,25,0
IA,Davis,25,25,0
IA,Decatur,11,25,0
IA,Delaware,25,25,0
IA,Des Moines,136,213,12
IA,Dickinson,44,49,0
IA,Dubuque,257,470,18
IA,Emmet,22,25,0
IA,Fayette,50,50,0
IA,Floyd,25,25,0
IA,Franklin,25,25,0
IA,Fremont,25,25,0
IA,Greene,25,25,0
IA,Grundy,25,80,0
IA,Guthrie,25,25,0
IA,Hamilton,25,25,0
IA,Hancock,25,25,0
IA,Hardin,19,35,0
IA,Harrison,25,25,0
IA,Henry,25,74,0
IA,Howard,18,19,0
IA,Humboldt,17,49,0
IA,Ida,25,25,0
IA,Iowa,25,25,0
IA,Jackson,25,25,0
IA,Jasper,48,68,0
IA,Jefferson,25,25,0
IA,Johnson,1152,1383,18
IA,Jones,22,22,0
IA,Keokuk,25,25,0
IA,Kossuth,24,25,0
IA,Lee,99,121,3
IA,Linn,495,994,36
IA,Lucas,25,25,0
IA,Lyon,11,0,0
IA,Madison,25,25,0
IA,Mahaska,25,33,0
IA,Marion,50,50,3
IA,Marshall,41,125,0
IA,Mitchell,25,25,0
IA,Monona,25,25,0
IA,Monroe,25,25,0
IA,Montgomery,25,25,8
IA,Muscatine,45,48,5
IA,Obrien,39,39,0
IA,Osceola,25,25,0
IA,Page,50,50,2
IA,Palo Alto,24,47,0
IA,Plymouth,25,25,0
IA,Pocahontas,25,25,0
IA,Polk,1869,1781,84
IA,Pottawattamie,255,514,29
IA,Poweshiek,49,49,5
IA,Ringgold,16,16,0
IA,Sac,25,25,0
IA,Scott,496,641,39
IA,Shelby,25,25,0
IA,Sioux,94,96,0
IA,Story,175,237,14
IA,Union,25,25,4
IA,Van Buren,25,25,0
IA,Wapello,88,217,11
IA,Washington,25,25,0
IA,Wayne,25,25,0
IA,Webster,46,200,8
IA,Winneshiek,25,25,0
IA,Woodbury,316,830,34
IA,Wright,47,47,0
ID,Ada,1405,1209,88
ID,Bannock,137,205,20
ID,Bear Lake,21,21,0
ID,Benewah,19,19,0
ID,Bingham,131,145,5
ID,Blaine,25,25,0
ID,Bonner,25,25,4
ID,Bonneville,267,332,35
ID,Boundary,20,20,0
ID,Butte,14,14,0
ID,Canyon,282,346,41
ID,Caribou,25,25,0
ID,Cassia,31,25,6
ID,Clearwater,78,83,0
ID,Elmore,21,25,0
ID,Franklin,20,20,0
ID,Gem,13,16,0
ID,Gooding,16,18,0
ID,Idaho,40,41,0
ID,Jerome,25,25,0
ID,Kootenai,401,403,55
ID,Latah,25,25,3
ID,Lemhi,18,18,0
ID,Madison,67,69,4
ID,Minidoka,16,25,0
ID,Nez Perce,110,145,9
ID,Oneida,11,11,0
ID,Power,10,10,0
ID,Shoshone,21,25,0
ID,Teton,13,13,0
ID,Twin Falls,186,224,30
ID,Valley,23,25,0
ID,Washington,19,25,0
IL,Adams,248,307,25
IL,Bond,32,42,0
IL,Boone,36,34,0
IL,Bureau,69,94,9
IL,Champaign,637,603,13
IL,Christian,47,47,0
IL,Clay,20,20,0
IL,Clinton,46,70,0
IL,Coles,82,149,0
IL,Cook,18615,18128,1299
IL,Crawford,25,63,0
IL,Dekalb,192,192,16
IL,Dewitt,15,25,0
IL,Dupage,2083,2253,241
IL,Edgar,25,25,0
IL,Effingham,133,133,10
IL,Fayette,29,110,4
IL,Ford,25,41,2
IL,Franklin,16,16,0
IL,Fulton,43,87,5
IL,Greene,25,25,0
IL,Grundy,89,89,8
IL,Hamilton,25,25,0
IL,Hancock,18,18,0
IL,Hardin,25,25,0
IL,Henry,50,86,3
IL,Iroquois,25,25,0
IL,Jackson,179,179,21
IL,Jefferson,171,181,22
IL,Jersey,46,65,4
IL,Jo Daviess,18,25,0
IL,Kane,1114,890,65
IL,Kankakee,460,500,18
IL,Knox,177,254,18
IL,La Salle,164,171,13
IL,Lake,975,1158,108
IL,Lawrence,25,25,0
IL,Lee,66,80,6
IL,Livingston,42,42,5
IL,Logan,25,25,0
IL,Macon,446,424,35
IL,Macoupin,50,50,0
IL,Madison,677,929,58
IL,Marion,107,149,9
IL,Mason,25,25,0
IL,Massac,25,25,0
IL,Mcdonough,45,60,7
IL,Mchenry,437,476,33
IL,Mclean,343,370,30
IL,Mercer,22,22,0
IL,Montgomery,50,50,0
IL,Morgan,93,131,9
IL,Ogle,17,16,4
IL,Peoria,1122,1226,95
IL,Perry,42,42,0
IL,Piatt,16,16,0
IL,Pike,25,35,0
IL,Randolph,171,75,0
IL,Richland,47,134,8
IL,Rock Island,480,510,27
IL,Saint Clair,556,736,42
IL,Saline,65,102,0
IL,Sangamon,1004,1012,83
IL,Schuyler,22,22,0
IL,Shelby,30,30,0
IL,Stephenson,100,100,8
IL,Tazewell,132,132,8
IL,Union,113,47,0
IL,Vermilion,179,198,12
IL,Wabash,25,25,4
IL,Warren,23,23,0
IL,Washington,22,50,0
IL,Wayne,25,55,4
IL,Whiteside,121,123,9
IL,Will,850,923,73
IL,Williamson,294,212,26
IL,Winnebago,932,936,90
IL,Woodford,25,25,0
IN,Adams,25,0,4
IN,Allen,2176,0,134
IN,Bartholomew,225,0,17
IN,Blackford,15,0,0
IN,Boone,68,0,8
IN,Cass,165,0,5
IN,Clark,253,0,22
IN,Clay,25,0,0
IN,Clinton,25,0,0
IN,Daviess,42,0,5
IN,Dearborn,102,0,8
IN,Decatur,25,0,0
IN,Dekalb,37,0,8
IN,Delaware,368,0,36
IN,Dubois,111,0,26
IN,Elkhart,338,0,35
IN,Floyd,269,236,16
IN,Fulton,25,0,4
IN,Gibson,25,0,5
IN,Grant,347,0,19
IN,Greene,25,0,5
IN,Hamilton,1033,0,25
IN,Hancock,73,0,24
IN,Harrison,25,0,4
IN,Hendricks,266,0,28
IN,Henry,48,0,10
IN,Howard,250,0,21
IN,Huntington,36,0,0
IN,Jackson,91,0,7
IN,Jasper,25,0,4
IN,Jay,25,0,0
IN,Jefferson,238,0,6
IN,Jennings,25,0,0
IN,Johnson,195,0,6
IN,Knox,99,0,30
IN,Kosciusko,88,0,14
IN,La Porte,278,0,34
IN,Lagrange,25,0,0
IN,Lake,2067,0,181
IN,Lawrence,50,0,6
IN,Madison,303,0,38
IN,Marion,4230,0,318
IN,Marshall,157,0,7
IN,Miami,25,0,4
IN,Monroe,357,0,24
IN,Montgomery,29,0,5
IN,Morgan,199,0,0
IN,Noble,47,0,0
IN,Orange,24,0,0
IN,Perry,25,0,4
IN,Porter,340,0,32
IN,Pulaski,25,0,0
IN,Putnam,25,0,6
IN,Randolph,25,0,0
IN,Ripley,25,0,7
IN,Rush,25,0,0
IN,Scott,25,0,4
IN,Shelby,46,0,6
IN,St Joseph,1582,0,74
IN,Starke,15,0,1
IN,Steuben,25,0,2
IN,Sullivan,25,0,4
IN,Tippecanoe,576,0,30
IN,Tipton,25,0,0
IN,Vanderburgh,1053,0,127
IN,Vermillion,25,0,6
IN,Vigo,494,0,54
IN,Wabash,18,0,0
IN,Warren,16,0,0
IN,Warrick,454,0,24
IN,Washington,25,0,0
IN,Wayne,376,0,30
IN,Wells,62,0,7
IN,White,25,0,0
IN,Whitley,30,0,0
KS,Allen,25,25,0
KS,Anderson,12,12,0
KS,Atchison,25,25,4
KS,Barber,32,35,0
KS,Barton,76,81,4
KS,Brown,25,25,0
KS,Butler,108,132,16
KS,Chautauqua,17,25,0
KS,Cherokee,46,61,0
KS,Cheyenne,16,16,0
KS,Clark,39,43,0
KS,Clay,17,25,0
KS,Cloud,22,25,0
KS,Coffey,25,25,0
KS,Comanche,12,12,0
KS,Cowley,53,74,4
KS,Crawford,89,158,12
KS,Decatur,21,24,0
KS,Dickinson,34,60,0
KS,Douglas,110,148,10
KS,Edwards,12,12,0
KS,Ellis,149,194,34
KS,Ellsworth,18,20,0
KS,Finney,90,100,8
KS,Ford,60,99,10
KS,Franklin,44,44,5
KS,Geary,96,92,6
KS,Gove,21,21,0
KS,Graham,20,20,0
KS,Grant,26,26,0
KS,Greeley,18,18,0
KS,Greenwood,25,25,0
KS,Hamilton,25,25,0
KS,Harper,25,0,0
KS,Harvey,134,163,6
KS,Haskell,13,13,0
KS,Hodgeman,25,13,0
KS,Jackson,12,25,0
KS,Jefferson,25,38,0
KS,Jewell,24,25,0
KS,Johnson,1519,1800,97
KS,Kearny,25,25,0
KS,Kingman,25,25,0
KS,Kiowa,15,15,0
KS,Labette,46,99,5
KS,Lane,25,25,0
KS,Leavenworth,46,100,10
KS,Lincoln,10,14,0
KS,Logan,25,25,0
KS,Lyon,21,25,6
KS,Marion,25,25,0
KS,Marshall,23,25,0
KS,Mcpherson,81,95,7
KS,Meade,20,20,0
KS,Miami,104,245,106
KS,Mitchell,16,35,4
KS,Montgomery,47,47,7
KS,Morris,25,25,0
KS,Morton,26,28,0
KS,Nemaha,41,49,0
KS,Neosho,22,25,5
KS,Ness,37,32,0
KS,Norton,25,25,0
KS,Osborne,24,25,0
KS,Ottawa,25,25,0
KS,Pawnee,121,638,0
KS,Phillips,25,25,0
KS,Pottawatomie,43,97,0
KS,Pratt,35,35,6
KS,Rawlins,15,24,0
KS,Reno,137,209,18
KS,Republic,25,63,0
KS,Rice,25,25,0
KS,Riley,99,163,8
KS,Rooks,16,25,0
KS,Rush,16,16,0
KS,Russell,19,25,0
KS,Saline,191,392,18
KS,Scott,25,25,0
KS,Sedgwick,2072,2661,147
KS,Seward,71,69,8
KS,Shawnee,748,1043,36
KS,Sheridan,18,18,0
KS,Sherman,21,25,0
KS,Smith,16,25,0
KS,Stafford,25,25,0
KS,Stanton,16,18,0
KS,Stevens,17,25,0
KS,Sumner,25,0,0
KS,Thomas,21,25,1
KS,Trego,25,25,0
KS,Washington,50,50,0
KS,Wichita,25,0,0
KS,Wilson,40,49,0
KS,Wyandotte,1059,1316,129
KY,Allen,25,25,0
KY,Barren,108,180,10
KY,Bell,87,216,7
KY,Boone,166,201,18
KY,Bourbon,34,58,4
KY,Boyd,574,645,50
KY,Boyle,170,197,22
KY,Breathitt,49,55,4
KY,Breckinridge,25,25,0
KY,Caldwell,25,25,0
KY,Calloway,99,152,10
KY,Campbell,156,278,21
KY,Carroll,25,25,0
KY,Casey,24,24,0
KY,Christian,431,786,18
KY,Clark,54,54,8
KY,Clay,49,0,6
KY,Clinton,38,42,0
KY,Crittenden,48,48,0
KY,Cumberland,25,25,0
KY,Daviess,507,527,32
KY,Estill,25,25,0
KY,Fayette,2440,2449,248
KY,Fleming,52,52,3
KY,Floyd,177,50,16
KY,Franklin,116,173,10
KY,Grant,15,25,0
KY,Graves,95,107,8
KY,Grayson,75,75,6
KY,Green,25,35,0
KY,Hardin,428,480,10
KY,Harlan,81,150,7
KY,Harrison,61,61,6
KY,Hart,25,25,0
KY,Henderson,118,192,12
KY,Hopkins,445,410,19
KY,Jefferson,3730,4468,355
KY,Johnson,72,72,6
KY,Kenton,1217,639,46
KY,Knox,25,25,6
KY,Laurel,106,150,14
KY,Lawrence,65,90,6
KY,Leslie,25,25,0
KY,Letcher,90,90,6
KY,Lincoln,25,25,0
KY,Livingston,25,25,0
KY,Logan,75,75,6
KY,Madison,85,130,12
KY,Marion,63,75,6
KY,Marshall,25,25,4
KY,Mason,100,100,5
KY,Mccracken,573,1081,34
KY,Mercer,25,25,4
KY,Monroe,49,49,0
KY,Montgomery,42,42,4
KY,Morgan,25,25,0
KY,Muhlenberg,47,90,6
KY,Nelson,40,40,4
KY,Ohio,25,25,4
KY,Oldham,90,120,8
KY,Perry,229,358,32
KY,Pike,356,413,76
KY,Pulaski,230,283,38
KY,Rockcastle,20,20,0
KY,Rowan,90,149,14
KY,Russell,25,25,2
KY,Scott,75,75,6
KY,Shelby,30,70,4
KY,Simpson,25,25,0
KY,Taylor,90,90,8
KY,Trigg,25,25,0
KY,Union,25,25,0
KY,Warren,639,733,32
KY,Wayne,25,25,0
KY,Whitley,280,273,0
KY,Woodford,25,25,0
LA,Acadia,171,170,4
LA,Allen,74,109,3
LA,Ascension,151,131,7
LA,Assumption,15,15,0
LA,Avoyelles,92,69,2
LA,Beauregard,80,20,6
LA,Bienville,21,21,0
LA,Bossier,267,272,18
LA,Caddo,1853,2099,94
LA,Calcasieu,802,905,75
LA,Caldwell,77,87,0
LA,Cameron,49,49,0
LA,Claiborne,37,47,4
LA,Concordia,65,65,5
LA,De Soto,34,34,0
LA,East Baton Rouge,2355,2297,99
LA,East Carroll,23,23,0
LA,East Feliciana,636,633,0
LA,Evangeline,223,285,24
LA,Franklin,29,37,6
LA,Iberia,317,269,11
LA,Iberville,10,0,0
LA,Jackson,25,25,0
LA,Jefferson,2463,2141,157
LA,Jefferson Davis,92,65,5
LA,La Salle,55,81,0
LA,Lafayette,1379,1224,74
LA,Lafourche,178,240,21
LA,Lincoln,258,238,17
LA,Madison,25,25,0
LA,Morehouse,109,119,6
LA,Natchitoches,102,117,8
LA,Orleans,1428,2009,62
LA,Ouachita,806,622,88
LA,Pointe Coupee,25,26,0
LA,Rapides,1438,1425,26
LA,Red River,37,37,0
LA,Richland,63,63,2
LA,Sabine,48,48,0
LA,Saint Bernard,40,40,8
LA,Saint Charles,39,59,8
LA,Saint Helena,25,25,0
LA,Saint James,44,44,0
LA,Saint Landry,517,257,22
LA,Saint Martin,43,43,0
LA,Saint Mary,152,186,15
LA,Saint Tammany,1237,1138,207
LA,St John The Baptist,82,82,0
LA,Tangipahoa,536,536,64
LA,Terrebonne,344,567,26
LA,Union,35,35,0
LA,Vermilion,69,95,6
LA,Vernon,126,112,7
LA,Washington,61,117,13
LA,Webster,171,219,16
LA,West Carroll,30,30,0
LA,West Feliciana,25,25,0
LA,Winn,46,60,5
MA,Barnstable,410,407,21
MA,Berkshire,245,323,24
MA,Bristol,1492,1322,96
MA,Dukes,25,25,0
MA,Essex,1732,1173,98
MA,Franklin,89,89,6
MA,Hampden,1620,1626,83
MA,Hampshire,118,140,11
MA,Middlesex,4474,3756,206
MA,Nantucket,19,19,0
MA,Norfolk,1219,1095,59
MA,Plymouth,853,435,47
MA,Suffolk,5844,5363,453
MA,Worcester,3234,2507,119
MD,Allegany,288,319,14
MD,Anne Arundel,483,673,50
MD,Baltimore,1739,1969,94
MD,Baltimore City,3735,3816,377
MD,Calvert,41,74,4
MD,Carroll,675,668,12
MD,Cecil,182,82,5
MD,Charles,98,109,10
MD,Dorchester,122,132,0
MD,Frederick,281,257,18
MD,Garrett,27,27,2
MD,Harford,231,257,19
MD,Howard,267,267,16
MD,Kent,21,26,6
MD,Montgomery,1716,1439,143
MD,Prince Georges,490,654,78
MD,Saint Marys,96,109,12
MD,Talbot,48,120,16
MD,Washington,340,362,17
MD,Wicomico,418,348,24
MD,Worcester,32,45,6
ME,Androscoggin,361,483,34
ME,Aroostook,166,228,12
ME,Cumberland,1215,1184,50
ME,Franklin,48,65,5
ME,Hancock,98,114,6
ME,Kennebec,297,335,16
ME,Knox,81,109,8
ME,Lincoln,25,25,4
ME,Oxford,50,75,4
ME,Penobscot,581,773,51
ME,Piscataquis,50,25,0
ME,Somerset,50,50,4
ME,Waldo,25,25,4
ME,Washington,50,50,0
ME,York,206,287,14
MI,Alger,11,11,0
MI,Allegan,25,25,0
MI,Alpena,128,124,9
MI,Arenac,25,25,5
MI,Baraga,15,15,0
MI,Barry,25,49,6
MI,Bay,328,387,32
MI,Benzie,8,8,0
MI,Berrien,311,335,20
MI,Branch,87,71,10
MI,Calhoun,262,298,32
MI,Cass,25,25,0
MI,Charlevoix,25,25,0
MI,Chippewa,49,82,6
MI,Clare,49,49,0
MI,Clinton,59,25,2
MI,Crawford,49,71,6
MI,Delta,25,25,9
MI,Dickinson,56,49,6
MI,Eaton,45,45,0
MI,Emmet,187,202,18
MI,Genesee,1047,1151,109
MI,Gladwin,25,25,0
MI,Gogebic,25,25,5
MI,Grand Traverse,409,425,20
MI,Gratiot,49,67,0
MI,Hillsdale,44,65,4
MI,Houghton,61,61,5
MI,Huron,98,98,4
MI,Ingham,925,966,115
MI,Ionia,25,0,2
MI,Iosco,47,47,4
MI,Iron,25,25,3
MI,Isabella,83,118,8
MI,Jackson,469,389,34
MI,Kalamazoo,904,806,70
MI,Kalkaska,8,8,0
MI,Kent,2502,1717,142
MI,Lapeer,183,183,10
MI,Lenawee,113,113,9
MI,Livingston,142,177,8
MI,Luce,25,25,0
MI,Mackinac,15,15,0
MI,Macomb,1362,1101,122
MI,Manistee,45,45,0
MI,Marquette,263,289,26
MI,Mason,45,49,6
MI,Mecosta,49,69,4
MI,Midland,324,324,26
MI,Monroe,153,217,14
MI,Montcalm,109,126,12
MI,Muskegon,362,413,44
MI,Newaygo,25,25,9
MI,Oakland,4188,4383,369
MI,Oceana,24,24,0
MI,Ogemaw,88,88,0
MI,Ontonagon,25,25,0
MI,Osceola,25,25,4
MI,Otsego,46,46,4
MI,Ottawa,325,327,22
MI,Saginaw,1014,912,46
MI,Saint Clair,372,375,23
MI,Saint Joseph,97,144,4
MI,Sanilac,65,65,0
MI,Schoolcraft,12,12,0
MI,Shiawassee,133,129,7
MI,Tuscola,198,50,0
MI,Van Buren,74,74,0
MI,Washtenaw,2176,1720,46
MI,Wayne,5387,5921,411
MI,Wexford,49,49,20
MN,Aitkin,25,25,4
MN,Anoka,941,546,35
MN,Becker,36,87,8
MN,Beltrami,128,118,10
MN,Big Stone,40,40,0
MN,Blue Earth,167,272,29
MN,Brown,40,78,0
MN,Carlton,47,61,2
MN,Carver,109,109,18
MN,Cass,5,0,0
MN,Chippewa,25,30,0
MN,Chisago,55,61,10
MN,Clearwater,25,25,0
MN,Cook,16,16,0
MN,Cottonwood,26,26,0
MN,Crow Wing,168,204,16
MN,Dakota,179,207,12
MN,Douglas,99,127,8
MN,Faribault,24,43,4
MN,Freeborn,159,159,18
MN,Goodhue,65,65,4
MN,Grant,10,10,0
MN,Hennepin,3717,5441,215
MN,Hubbard,25,50,0
MN,Isanti,70,86,0
MN,Itasca,76,104,0
MN,Jackson,14,20,0
MN,Kanabec,25,49,4
MN,Kandiyohi,81,136,8
MN,Kittson,15,15,0
MN,Koochiching,18,25,0
MN,Lac Qui Parle,32,32,0
MN,Lake,16,25,0
MN,Lake Of The Woods,15,15,0
MN,Le Sueur,9,15,0
MN,Lincoln,44,44,0
MN,Lyon,50,74,0
MN,Mahnomen,10,18,0
MN,Marshall,12,12,0
MN,Martin,55,57,0
MN,Mcleod,74,115,6
MN,Meeker,25,35,0
MN,Mille Lacs,61,82,4
MN,Morrison,25,49,0
MN,Mower,80,0,0
MN,Murray,20,25,0
MN,Nicollet,65,17,0
MN,Nobles,48,48,0
MN,Norman,14,14,0
MN,Olmsted,1986,2120,218
MN,Otter Tail,121,133,5
MN,Pennington,41,26,0
MN,Pine,9,30,0
MN,Pipestone,18,44,0
MN,Polk,54,92,5
MN,Pope,19,34,0
MN,Ramsey,1461,1899,115
MN,Redwood,25,25,0
MN,Renville,16,16,0
MN,Rice,69,86,0
MN,Rock,25,28,0
MN,Roseau,25,25,0
MN,Saint Louis,1195,1121,78
MN,Scott,109,142,0
MN,Sherburne,16,0,0
MN,Sibley,16,20,0
MN,Stearns,535,575,42
MN,Steele,29,43,0
MN,Stevens,25,49,0
MN,Swift,33,46,0
MN,Todd,14,34,0
MN,Traverse,15,25,0
MN,Wabasha,32,43,0
MN,Wadena,125,86,5
MN,Waseca,15,35,0
MN,Washington,154,183,31
MN,Watonwan,50,50,0
MN,Wilkin,25,25,0
MN,Winona,49,49,8
MN,Wright,85,104,3
MN,Yellow Medicine,47,55,0
MO,Adair,51,93,10
MO,Atchison,16,18,0
MO,Audrain,40,88,0
MO,Barry,43,43,0
MO,Barton,25,25,4
MO,Bates,44,60,0
MO,Boone,1260,494,114
MO,Buchanan,501,393,21
MO,Butler,434,582,14
MO,Callaway,56,37,0
MO,Camden,114,130,18
MO,Cape Girardeau,494,601,31
MO,Carroll,21,25,0
MO,Cass,96,106,9
MO,Cedar,25,25,0
MO,Christian,48,48,0
MO,Clay,694,905,34
MO,Clinton,34,58,5
MO,Cole,254,268,25
MO,Dent,25,55,0
MO,Franklin,173,183,13
MO,Gasconade,24,24,0
MO,Gentry,25,35,0
MO,Greene,1632,1955,129
MO,Grundy,21,25,0
MO,Harrison,14,19,0
MO,Henry,96,97,8
MO,Howell,128,139,12
MO,Iron,15,15,0
MO,Jackson,2419,3018,279
MO,Jasper,706,706,87
MO,Jefferson,279,341,28
MO,Johnson,46,75,0
MO,Laclede,43,58,4
MO,Lafayette,25,32,2
MO,Lawrence,25,53,0
MO,Lincoln,25,25,4
MO,Linn,25,54,0
MO,Livingston,25,25,0
MO,Macon,25,25,0
MO,Madison,25,144,0
MO,Marion,86,99,8
MO,Newton,25,49,0
MO,Nodaway,38,81,0
MO,Pemiscot,49,167,7
MO,Perry,25,25,0
MO,Pettis,108,145,9
MO,Phelps,172,242,18
MO,Pike,25,25,0
MO,Platte,118,97,0
MO,Polk,52,86,8
MO,Pulaski,46,0,0
MO,Putnam,15,15,0
MO,Randolph,33,99,8
MO,Ray,25,34,0
MO,Saint Charles,1208,1016,39
MO,Saint Clair,12,12,0
MO,Saint Francois,433,133,10
MO,Saint Louis,5172,4894,460
MO,Saint Louis City,2694,2281,196
MO,Sainte Genevieve,25,47,0
MO,Saline,42,60,7
MO,Scotland,25,25,0
MO,Scott,110,144,12
MO,Stoddard,48,48,4
MO,Sullivan,17,25,0
MO,Taney,105,157,18
MO,Texas,47,66,4
MO,Vernon,57,140,6
MO,Washington,25,25,0
MP,Saipan,74,0,4
MS,Adams,147,179,15
MS,Alcorn,163,200,24
MS,Attala,25,25,0
MS,Bolivar,152,164,8
MS,Calhoun,25,25,0
MS,Chickasaw,39,84,0
MS,Choctaw,15,25,0
MS,Claiborne,22,32,0
MS,Clarke,25,25,0
MS,Clay,49,49,6
MS,Coahoma,181,181,10
MS,Copiah,25,0,0
MS,Covington,25,35,0
MS,Desoto,470,514,8
MS,Forrest,587,723,57
MS,Franklin,24,25,0
MS,George,42,48,6
MS,Greene,7,7,0
MS,Grenada,49,156,0
MS,Hancock,47,102,6
MS,Harrison,854,834,57
MS,Hinds,2237,1876,149
MS,Holmes,25,25,0
MS,Jackson,571,571,48
MS,Jasper,16,16,0
MS,Jefferson,12,30,0
MS,Jefferson Davis,25,35,0
MS,Jones,268,285,14
MS,Kemper,25,25,0
MS,Lafayette,169,217,24
MS,Lamar,45,50,0
MS,Lauderdale,767,787,39
MS,Lawrence,25,25,0
MS,Leake,25,25,0
MS,Lee,700,700,24
MS,Leflore,173,208,9
MS,Lincoln,90,99,5
MS,Lowndes,158,315,18
MS,Madison,67,67,7
MS,Marion,49,49,6
MS,Marshall,27,40,0
MS,Monroe,120,130,9
MS,Montgomery,25,25,0
MS,Neshoba,83,73,0
MS,Noxubee,25,25,0
MS,Oktibbeha,88,96,6
MS,Panola,45,112,0
MS,Pearl River,73,84,6
MS,Perry,22,22,0
MS,Pike,177,191,16
MS,Pontotoc,25,25,0
MS,Prentiss,39,114,0
MS,Rankin,583,2030,18
MS,Scott,50,60,0
MS,Sharkey,19,29,0
MS,Simpson,69,99,0
MS,Smith,19,29,0
MS,Stone,25,25,0
MS,Sunflower,126,84,0
MS,Tallahatchie,9,18,0
MS,Tippah,25,25,0
MS,Tishomingo,48,48,0
MS,Union,92,153,8
MS,Walthall,25,25,0
MS,Warren,336,396,22
MS,Washington,541,364,22
MS,Wayne,49,80,6
MS,Webster,38,38,0
MS,Wilkinson,16,25,0
MS,Winston,14,41,0
MS,Yalobusha,26,26,0
MS,Yazoo,25,25,0
MT,Beaverhead,18,0,0
MT,Big Horn,49,0,0
MT,Blaine,6,0,0
MT,Broadwater,25,0,0
MT,Carbon,10,0,0
MT,Carter,25,0,0
MT,Cascade,552,635,20
MT,Chouteau,33,0,0
MT,Custer,25,0,4
MT,Daniels,25,0,0
MT,Dawson,25,0,3
MT,Deer Lodge,199,0,0
MT,Fallon,25,0,0
MT,Fergus,23,0,0
MT,Flathead,220,30,22
MT,Gallatin,87,86,8
MT,Garfield,4,0,0
MT,Glacier,46,0,0
MT,Granite,25,0,0
MT,Hill,49,49,6
MT,Lake,47,0,0
MT,Lewis And Clark,131,143,8
MT,Liberty,25,0,0
MT,Lincoln,25,0,0
MT,Madison,20,0,0
MT,Mccone,25,0,0
MT,Meagher,25,0,0
MT,Mineral,24,0,0
MT,Missoula,299,404,32
MT,Musselshell,25,0,0
MT,Park,25,0,4
MT,Phillips,6,0,0
MT,Pondera,20,0,0
MT,Powell,16,0,0
MT,Prairie,22,0,0
MT,Ravalli,25,0,5
MT,Richland,25,0,0
MT,Roosevelt,75,0,0
MT,Rosebud,25,0,1
MT,Sanders,16,0,0
MT,Sheridan,19,0,0
MT,Silver Bow,71,98,11
MT,Stillwater,10,0,0
MT,Sweet Grass,25,0,0
MT,Teton,25,0,0
MT,Toole,21,0,0
MT,Valley,25,0,0
MT,Wheatland,25,0,0
MT,Yellowstone,577,611,41
NC,Alamance,176,238,20
NC,Alleghany,25,41,0
NC,Anson,15,15,0
NC,Ashe,25,76,0
NC,Avery,21,50,0
NC,Beaufort,72,142,8
NC,Bertie,6,6,0
NC,Bladen,25,58,4
NC,Brunswick,126,99,19
NC,Buncombe,1708,884,146
NC,Burke,587,315,16
NC,Cabarrus,540,497,15
NC,Caldwell,110,110,12
NC,Carteret,99,135,8
NC,Catawba,426,613,52
NC,Chatham,25,25,4
NC,Cherokee,25,57,0
NC,Chowan,25,49,4
NC,Cleveland,292,308,57
NC,Columbus,154,154,0
NC,Craven,286,350,72
NC,Cumberland,726,700,56
NC,Dare,21,21,0
NC,Davidson,154,240,29
NC,Davie,50,50,0
NC,Duplin,49,81,9
NC,Durham,1376,1374,70
NC,Edgecombe,101,117,15
NC,Forsyth,2172,1878,180
NC,Gaston,423,475,57
NC,Granville,1342,142,6
NC,Guilford,1354,1411,107
NC,Halifax,106,204,16
NC,Harnett,268,151,14
NC,Haywood,122,159,12
NC,Henderson,233,325,27
NC,Hertford,70,114,10
NC,Hoke,61,49,0
NC,Iredell,406,514,36
NC,Jackson,82,86,9
NC,Johnston,229,199,24
NC,Lee,127,137,8
NC,Lenoir,1086,261,0
NC,Lincoln,101,101,10
NC,Macon,49,83,5
NC,Martin,43,49,6
NC,Mcdowell,49,65,9
NC,Mecklenburg,2898,2646,141
NC,Mitchell,25,46,0
NC,Montgomery,4,37,0
NC,Moore,412,402,0
NC,Nash,372,395,21
NC,New Hanover,992,769,29
NC,Onslow,306,162,14
NC,Orange,1086,905,0
NC,Pasquotank,91,182,10
NC,Pender,25,86,0
NC,Person,38,98,6
NC,Pitt,930,909,71
NC,Polk,25,35,6
NC,Randolph,145,145,12
NC,Richmond,99,99,0
NC,Robeson,256,452,25
NC,Rockingham,218,218,9
NC,Rowan,169,268,20
NC,Rutherford,111,143,18
NC,Sampson,71,146,8
NC,Scotland,97,104,8
NC,Stanly,97,109,10
NC,Stokes,25,99,0
NC,Surry,181,226,10
NC,Swain,44,48,0
NC,Transylvania,25,92,4
NC,Union,182,252,14
NC,Vance,91,102,20
NC,Wake,2920,1704,117
NC,Washington,25,0,0
NC,Watauga,95,117,10
NC,Wayne,514,316,16
NC,Wilkes,93,130,8
NC,Wilson,270,294,14
ND,Adams,25,25,0
ND,Barnes,25,25,0
ND,Bottineau,25,25,0
ND,Bowman,23,23,0
ND,Burleigh,458,510,52
ND,Cass,1407,1052,111
ND,Cavalier,20,20,0
ND,Dickey,20,20,0
ND,Divide,15,15,0
ND,Emmons,14,14,0
ND,Foster,25,25,0
ND,Grand Forks,384,404,16
ND,Grant,30,30,0
ND,Griggs,18,18,0
ND,Mcintosh,44,44,0
ND,Mckenzie,24,24,0
ND,Mclean,47,47,0
ND,Mercer,13,13,0
ND,Morton,41,41,0
ND,Mountrail,11,11,0
ND,Nelson,19,19,0
ND,Pembina,20,20,0
ND,Pierce,25,25,0
ND,Ramsey,25,25,0
ND,Ransom,25,25,0
ND,Rolette,52,25,0
ND,Sioux,12,0,0
ND,Stark,25,25,4
ND,Stutsman,131,165,6
ND,Towner,20,20,0
ND,Traill,41,41,0
ND,Walsh,28,28,0
ND,Ward,466,441,19
ND,Wells,25,25,0
ND,Williams,50,50,0
NE,Adams,127,162,10
NE,Antelope,23,23,0
NE,Boone,25,25,0
NE,Box Butte,25,25,0
NE,Boyd,20,20,0
NE,Brown,23,23,0
NE,Buffalo,362,266,34
NE,Burt,16,16,0
NE,Butler,20,20,0
NE,Chase,22,20,0
NE,Cherry,25,0,0
NE,Cheyenne,19,25,4
NE,Colfax,25,25,0
NE,Cuming,25,25,0
NE,Custer,35,35,0
NE,Dawes,25,25,0
NE,Dawson,57,57,0
NE,Dodge,50,70,0
NE,Douglas,2208,2705,234
NE,Dundy,14,14,0
NE,Fillmore,20,20,0
NE,Franklin,14,14,0
NE,Furnas,20,20,0
NE,Gage,25,25,3
NE,Garden,10,10,0
NE,Hall,140,159,16
NE,Hamilton,14,12,0
NE,Harlan,19,19,0
NE,Holt,42,42,0
NE,Howard,16,16,0
NE,Jefferson,17,17,0
NE,Johnson,18,18,0
NE,Kearney,10,10,0
NE,Keith,18,18,0
NE,Kimball,15,15,0
NE,Knox,23,23,0
NE,Lancaster,1392,1144,52
NE,Lincoln,97,116,19
NE,Madison,131,0,24
NE,Merrick,20,20,0
NE,Morrill,20,20,0
NE,Nance,19,19,0
NE,Nemaha,16,16,0
NE,Nuckolls,25,25,0
NE,Otoe,28,36,0
NE,Pawnee,17,11,0
NE,Perkins,20,20,0
NE,Phelps,25,25,0
NE,Pierce,35,35,0
NE,Platte,47,47,5
NE,Polk,16,16,0
NE,Red Willow,25,25,0
NE,Richardson,24,24,0
NE,Rock,24,24,0
NE,Saline,43,43,0
NE,Sarpy,89,212,8
NE,Saunders,16,16,0
NE,Scotts Bluff,122,166,22
NE,Seward,24,24,0
NE,Sheridan,25,25,0
NE,Thayer,19,17,0
NE,Thurston,34,21,0
NE,Valley,16,16,0
NE,Washington,21,21,0
NE,Wayne,25,0,0
NE,Webster,13,13,0
NE,York,38,38,0
NH,Belknap,86,137,10
NH,Carroll,50,50,8
NH,Cheshire,86,169,27
NH,Coos,66,66,3
NH,Grafton,553,506,52
NH,Hillsborough,1002,1082,62
NH,Merrimack,474,395,18
NH,Rockingham,506,573,43
NH,Strafford,182,290,17
NH,Sullivan,25,25,0
NJ,Atlantic,1602,906,54
NJ,Bergen,3025,3011,112
NJ,Burlington,983,1046,82
NJ,Camden,2244,2142,166
NJ,Cape May,149,242,16
NJ,Cumberland,321,335,12
NJ,Essex,2906,3581,215
NJ,Gloucester,233,311,14
NJ,Hudson,1086,1851,89
NJ,Hunterdon,170,184,12
NJ,Mercer,1399,1147,80
NJ,Middlesex,2808,2071,97
NJ,Monmouth,1643,2151,128
NJ,Morris,1867,1528,81
NJ,Ocean,1325,1528,94
NJ,Passaic,1740,1187,53
NJ,Salem,209,222,19
NJ,Somerset,820,642,28
NJ,Sussex,130,148,10
NJ,Union,1010,1401,55
NJ,Warren,156,309,20
NM,Bernalillo,2647,1958,117
NM,Chaves,204,232,24
NM,Cibola,31,25,4
NM,Colfax,25,25,4
NM,Curry,106,106,8
NM,Dona Ana,663,427,51
NM,Eddy,130,164,12
NM,Grant,32,68,6
NM,Guadalupe,10,10,0
NM,Lea,86,230,8
NM,Lincoln,25,25,4
NM,Los Alamos,47,47,6
NM,Luna,25,25,6
NM,Mckinley,148,98,5
NM,Otero,56,100,10
NM,Rio Arriba,52,70,8
NM,Roosevelt,20,24,0
NM,San Juan,260,210,10
NM,San Miguel,226,175,8
NM,Sandoval,200,259,0
NM,Santa Fe,244,219,24
NM,Sierra,11,25,0
NM,Socorro,24,24,0
NM,Taos,6,25,6
NM,Union,50,50,0
NV,Carson City,219,234,24
NV,Churchill,25,40,0
NV,Clark,6323,5370,452
NV,Douglas,23,23,0
NV,Elko,59,75,7
NV,Humboldt,25,53,3
NV,Lander,5,25,0
NV,Lincoln,4,20,0
NV,Lyon,14,63,0
NV,Mineral,11,35,0
NV,Nye,25,25,0
NV,Pershing,13,38,0
NV,Washoe,1429,1705,290
NV,White Pine,25,25,0
NY,Albany,1623,899,81
NY,Allegany,69,70,6
NY,Bronx,4602,3000,201
NY,Broome,772,742,47
NY,Cattaraugus,260,186,0
NY,Cayuga,85,99,0
NY,Chautauqua,208,386,26
NY,Chemung,325,391,20
NY,Chenango,58,58,7
NY,Clinton,300,300,21
NY,Columbia,95,192,9
NY,Cortland,103,162,12
NY,Delaware,56,0,0
NY,Dutchess,874,692,27
NY,Erie,2653,2664,190
NY,Essex,25,0,0
NY,Franklin,131,171,13
NY,Fulton,58,74,8
NY,Genesee,131,0,10
NY,Herkimer,25,0,0
NY,Jefferson,287,290,10
NY,Kings,4557,5746,248
NY,Lewis,25,0,6
NY,Livingston,67,67,0
NY,Madison,126,101,6
NY,Monroe,2038,1139,154
NY,Montgomery,100,120,8
NY,Nassau,4187,4377,235
NY,New York,9382,9378,725
NY,Niagara,411,482,32
NY,Oneida,903,701,26
NY,Onondaga,2113,1762,118
NY,Ontario,307,399,27
NY,Orange,986,807,76
NY,Orleans,25,0,0
NY,Oswego,132,132,8
NY,Otsego,227,180,14
NY,Putnam,120,164,10
NY,Queens,3438,2857,92
NY,Rensselaer,257,227,24
NY,Richmond,1254,1114,62
NY,Rockland,1144,791,0
NY,Saint Lawrence,384,259,20
NY,Saratoga,259,171,0
NY,Schenectady,351,538,36
NY,Schoharie,40,40,0
NY,Schuyler,25,0,0
NY,Steuben,95,115,8
NY,Suffolk,3509,3181,250
NY,Sullivan,99,154,0
NY,Tompkins,163,212,16
NY,Ulster,209,300,25
NY,Warren,361,406,24
NY,Wayne,101,120,8
NY,Westchester,3160,3396,158
NY,Wyoming,50,62,5
NY,Yates,25,0,0
OH,Adams,25,25,0
OH,Allen,529,830,34
OH,Ashland,39,123,6
OH,Ashtabula,286,431,19
OH,Athens,156,0,0
OH,Auglaize,36,131,6
OH,Belmont,185,45,0
OH,Butler,809,593,56
OH,Champaign,25,0,0
OH,Clark,270,40,38
OH,Clermont,147,160,16
OH,Clinton,89,165,6
OH,Columbiana,219,199,20
OH,Coshocton,56,56,7
OH,Crawford,50,75,9
OH,Cuyahoga,5850,5935,397
OH,Darke,40,104,6
OH,Defiance,73,104,8
OH,Delaware,124,60,6
OH,Erie,410,405,18
OH,Fairfield,213,245,20
OH,Fayette,25,25,0
OH,Franklin,5911,3692,368
OH,Fulton,25,117,7
OH,Gallia,157,287,14
OH,Geauga,124,0,12
OH,Greene,235,206,20
OH,Guernsey,156,255,11
OH,Hamilton,3829,3626,232
OH,Hancock,141,176,0
OH,Hardin,25,25,0
OH,Harrison,25,25,0
OH,Henry,25,31,5
OH,Highland,50,70,0
OH,Hocking,25,0,0
OH,Holmes,41,69,4
OH,Huron,148,198,22
OH,Jackson,24,25,0
OH,Jefferson,448,500,12
OH,Knox,65,111,12
OH,Lake,709,531,27
OH,Lawrence,8,8,0
OH,Licking,262,35,13
OH,Logan,39,115,0
OH,Lorain,838,453,54
OH,Lucas,2468,3274,158
OH,Madison,45,94,13
OH,Mahoning,826,1100,38
OH,Marion,174,0,15
OH,Medina,150,191,12
OH,Mercer,42,88,5
OH,Miami,119,182,10
OH,Montgomery,2153,2327,208
OH,Morrow,23,25,3
OH,Muskingum,282,321,24
OH,Ottawa,25,25,4
OH,Paulding,25,25,0
OH,Pickaway,83,83,8
OH,Pike,25,25,0
OH,Portage,191,302,16
OH,Richland,279,358,37
OH,Ross,189,261,12
OH,Sandusky,102,186,8
OH,Scioto,202,446,16
OH,Seneca,94,145,9
OH,Shelby,61,90,7
OH,Stark,1006,1523,68
OH,Summit,2260,2097,145
OH,Trumbull,435,590,42
OH,Tuscarawas,153,174,10
OH,Union,60,97,7
OH,Van Wert,145,195,5
OH,Warren,265,340,16
OH,Washington,213,243,11
OH,Wayne,129,184,14
OH,Williams,100,123,7
OH,Wood,149,0,10
OH,Wyandot,24,31,0
OK,Adair,30,67,0
OK,Atoka,25,25,0
OK,Beaver,24,24,0
OK,Beckham,34,62,6
OK,Blaine,42,42,0
OK,Bryan,140,148,8
OK,Caddo,42,42,0
OK,Canadian,74,75,8
OK,Carter,162,212,13
OK,Cherokee,122,98,14
OK,Choctaw,34,34,0
OK,Cimarron,25,25,0
OK,Cleveland,1025,605,52
OK,Coal,20,20,0
OK,Comanche,365,512,28
OK,Craig,235,55,0
OK,Creek,95,95,0
OK,Custer,70,81,4
OK,Delaware,58,58,6
OK,Dewey,18,18,0
OK,Ellis,25,25,0
OK,Garfield,349,436,30
OK,Garvin,26,26,0
OK,Grady,49,75,9
OK,Greer,18,18,0
OK,Harmon,22,25,0
OK,Harper,15,25,0
OK,Hughes,25,25,0
OK,Jackson,49,49,6
OK,Jefferson,25,25,0
OK,Johnston,25,25,0
OK,Kay,82,189,10
OK,Kingfisher,25,25,0
OK,Kiowa,38,38,0
OK,Latimer,43,0,0
OK,Le Flore,25,43,4
OK,Lincoln,50,50,0
OK,Logan,25,25,0
OK,Love,25,25,0
OK,Major,25,25,0
OK,Marshall,21,25,0
OK,Mayes,24,48,0
OK,Mcclain,39,39,0
OK,Mccurtain,77,0,6
OK,Murray,25,25,0
OK,Muskogee,373,384,24
OK,Noble,26,26,0
OK,Nowata,25,25,0
OK,Okfuskee,25,0,0
OK,Oklahoma,4337,4357,267
OK,Okmulgee,107,107,0
OK,Osage,40,40,0
OK,Ottawa,144,167,9
OK,Pawnee,14,14,0
OK,Payne,161,216,11
OK,Pittsburg,132,164,15
OK,Pontotoc,240,216,12
OK,Pottawatomie,111,130,14
OK,Pushmataha,42,0,0
OK,Roger Mills,15,15,0
OK,Rogers,100,81,6
OK,Seminole,32,32,0
OK,Sequoyah,41,41,0
OK,Stephens,86,138,9
OK,Texas,47,47,0
OK,Tulsa,3313,3360,276
OK,Wagoner,100,100,6
OK,Washington,81,140,0
OK,Washita,14,14,0
OK,Woods,25,25,0
OK,Woodward,64,115,6
OR,Baker,21,36,2
OR,Benton,169,188,12
OR,Clackamas,453,549,54
OR,Clatsop,48,83,4
OR,Coos,166,218,12
OR,Crook,16,16,0
OR,Curry,16,24,0
OR,Deschutes,270,304,36
OR,Douglas,156,190,32
OR,Grant,14,25,0
OR,Harney,19,25,2
OR,Hood River,25,25,0
OR,Jackson,458,595,34
OR,Jefferson,25,25,0
OR,Josephine,121,125,12
OR,Klamath,105,176,0
OR,Lake,24,24,0
OR,Lane,721,599,71
OR,Lincoln,50,50,0
OR,Linn,92,128,11
OR,Malheur,44,49,8
OR,Marion,1067,543,68
OR,Morrow,21,21,0
OR,Multnomah,2852,2598,165
OR,Polk,15,25,0
OR,Tillamook,25,49,4
OR,Umatilla,66,98,8
OR,Union,25,25,4
OR,Wallowa,23,25,0
OR,Wasco,43,49,17
OR,Washington,989,795,85
OR,Yamhill,90,128,11
PA,Adams,76,76,8
PA,Allegheny,6602,6736,443
PA,Armstrong,131,154,12
PA,Beaver,229,320,20
PA,Bedford,40,49,4
PA,Berks,1142,1326,50
PA,Blair,496,518,42
PA,Bradford,310,314,42
PA,Bucks,1105,1155,91
PA,Butler,292,296,35
PA,Cambria,423,539,19
PA,Carbon,68,159,6
PA,Centre,432,440,0
PA,Chester,1133,1109,54
PA,Clarion,169,146,7
PA,Clearfield,241,315,15
PA,Clinton,63,68,0
PA,Columbia,143,173,22
PA,Crawford,170,242,16
PA,Cumberland,724,684,31
PA,Dauphin,1516,1433,36
PA,Delaware,2036,1329,101
PA,Elk,25,35,0
PA,Erie,1040,1116,40
PA,Fayette,210,235,15
PA,Franklin,299,314,0
PA,Fulton,21,21,0
PA,Greene,23,49,0
PA,Huntingdon,57,62,7
PA,Indiana,134,166,12
PA,Jefferson,69,84,5
PA,Lackawanna,855,984,53
PA,Lancaster,1031,941,73
PA,Lawrence,206,207,12
PA,Lebanon,393,273,18
PA,Lehigh,2277,1271,98
PA,Luzerne,1248,1114,67
PA,Lycoming,303,300,32
PA,Mckean,138,138,10
PA,Mercer,562,478,26
PA,Mifflin,109,123,10
PA,Monroe,295,239,24
PA,Montgomery,3019,2778,165
PA,Montour,848,773,68
PA,Northampton,1000,1220,80
PA,Northumberland,45,0,0
PA,Philadelphia,6540,7129,387
PA,Potter,25,59,4
PA,Schuylkill,266,349,26
PA,Somerset,148,185,6
PA,Susquehanna,50,50,4
PA,Tioga,25,25,6
PA,Union,123,132,12
PA,Venango,118,158,8
PA,Warren,237,237,6
PA,Washington,448,578,16
PA,Wayne,76,112,8
PA,Westmoreland,794,974,33
PA,Wyoming,44,44,6
PA,York,808,985,70
PR,Aguadilla,124,0,8
PR,Aibonito,210,0,6
PR,Arecibo,292,0,14
PR,Bayamon,837,0,66
PR,Cabo Rojo,43,0,0
PR,Caguas,665,0,64
PR,Carolina,342,0,14
PR,Cayey,225,0,35
PR,Cidra,216,0,0
PR,Comerio,0,0,0
PR,Fajardo,222,0,21
PR,Guayama,116,0,6
PR,Guaynabo,49,0,0
PR,Humacao,296,0,39
PR,Lares,0,0,0
PR,Manati,553,0,28
PR,Mayaguez,468,0,44
PR,Moca,106,0,7
PR,Ponce,848,0,111
PR,San German,232,0,18
PR,San Juan,2555,0,245
PR,Utuado,7,0,0
PR,Vega Baja,130,0,6
PR,Yauco,84,0,11
RI,Kent,323,359,15
RI,Newport,102,129,10
RI,Providence,3416,2627,204
RI,Washington,154,225,17
SC,Abbeville,25,25,6
SC,Aiken,204,259,35
SC,Allendale,25,25,0
SC,Anderson,532,793,25
SC,Beaufort,318,290,24
SC,Charleston,2172,2029,221
SC,Cherokee,44,125,12
SC,Chester,36,82,6
SC,Chesterfield,48,59,6
SC,Clarendon,49,81,6
SC,Colleton,102,135,8
SC,Darlington,152,188,12
SC,Dillon,72,79,6
SC,Dorchester,94,94,0
SC,Edgefield,25,25,0
SC,Florence,1011,1033,63
SC,Georgetown,131,131,10
SC,Greenville,1560,1748,123
SC,Greenwood,332,400,20
SC,Hampton,32,32,6
SC,Horry,1032,973,100
SC,Jasper,41,41,4
SC,Kershaw,121,121,10
SC,Lancaster,208,253,20
SC,Laurens,43,76,0
SC,Lexington,634,636,37
SC,Marion,94,124,10
SC,Newberry,48,90,7
SC,Oconee,122,169,0
SC,Orangeburg,266,301,20
SC,Pickens,131,164,4
SC,Richland,2339,1490,82
SC,Spartanburg,748,884,41
SC,Sumter,173,283,17
SC,Union,49,143,6
SC,Williamsburg,25,25,4
SC,York,318,338,24
SD,Beadle,25,25,6
SD,Bennett,14,14,0
SD,Bon Homme,50,50,0
SD,Brookings,49,49,0
SD,Brown,97,157,6
SD,Brule,25,25,0
SD,Charles Mix,37,37,0
SD,Clay,25,25,0
SD,Codington,81,81,8
SD,Custer,11,11,0
SD,Davison,50,67,8
SD,Day,20,25,0
SD,Deuel,10,10,0
SD,Dewey,8,0,0
SD,Douglas,11,11,0
SD,Edmunds,12,12,0
SD,Fall River,25,25,0
SD,Faulk,12,12,0
SD,Grant,25,25,0
SD,Gregory,41,41,0
SD,Haakon,18,18,0
SD,Hand,25,0,0
SD,Hughes,50,50,6
SD,Hutchinson,50,50,0
SD,Jerauld,16,16,0
SD,Kingsbury,6,6,0
SD,Lake,22,22,0
SD,Lawrence,45,62,5
SD,Lincoln,64,64,0
SD,Marshall,20,20,0
SD,Mcpherson,4,6,0
SD,Meade,79,25,3
SD,Minnehaha,1296,1150,56
SD,Moody,18,18,0
SD,Oglala Lakota,45,0,0
SD,Pennington,403,449,38
SD,Potter,10,10,0
SD,Roberts,25,25,0
SD,Spink,23,25,0
SD,Todd,35,0,0
SD,Tripp,25,25,0
SD,Turner,12,12,0
SD,Union,38,40,0
SD,Walworth,25,25,4
SD,Yankton,168,232,10
TN,Anderson,220,317,25
TN,Bedford,44,60,8
TN,Benton,25,25,0
TN,Bledsoe,25,25,0
TN,Blount,348,459,8
TN,Bradley,183,251,27
TN,Campbell,81,120,10
TN,Cannon,30,60,0
TN,Carroll,42,70,0
TN,Carter,109,121,8
TN,Cheatham,12,12,0
TN,Claiborne,33,85,5
TN,Cocke,32,74,5
TN,Coffee,123,160,13
TN,Cumberland,73,189,12
TN,Davidson,3658,4073,359
TN,Decatur,40,40,0
TN,Dekalb,52,71,4
TN,Dickson,91,157,6
TN,Dyer,109,225,14
TN,Franklin,152,173,10
TN,Gibson,47,70,3
TN,Giles,81,95,6
TN,Greene,189,240,17
TN,Hamblen,116,167,20
TN,Hamilton,2141,2052,151
TN,Hancock,10,10,0
TN,Hardeman,175,238,0
TN,Hardin,49,58,0
TN,Hawkins,32,50,6
TN,Henderson,36,45,0
TN,Henry,64,142,0
TN,Hickman,25,25,0
TN,Houston,25,25,0
TN,Humphreys,25,25,0
TN,Jefferson,58,58,6
TN,Johnson,2,2,0
TN,Knox,1751,1253,147
TN,Lauderdale,25,25,0
TN,Lawrence,89,99,6
TN,Lincoln,49,59,6
TN,Loudon,30,50,5
TN,Macon,25,25,0
TN,Madison,870,177,89
TN,Marion,28,70,0
TN,Marshall,25,25,0
TN,Maury,281,271,41
TN,Mcminn,88,118,4
TN,Monroe,59,59,0
TN,Montgomery,260,296,21
TN,Obion,63,173,0
TN,Overton,90,114,6
TN,Perry,21,53,0
TN,Putnam,247,285,38
TN,Rhea,25,25,3
TN,Roane,52,54,6
TN,Robertson,109,109,8
TN,Rutherford,759,491,78
TN,Scott,25,25,0
TN,Sevier,58,79,16
TN,Shelby,4470,4745,196
TN,Smith,25,25,2
TN,Sullivan,851,1139,92
TN,Sumner,255,265,38
TN,Tipton,47,100,0
TN,Trousdale,25,25,0
TN,Unicoi,10,48,0
TN,Warren,100,125,8
TN,Washington,630,581,76
TN,Wayne,30,80,0
TN,Weakley,94,156,0
TN,White,32,60,4
TN,Williamson,543,270,28
TN,Wilson,170,170,12
TX,Anderson,150,0,10
TX,Andrews,30,34,0
TX,Angelina,367,446,39
TX,Atascosa,67,67,6
TX,Austin,32,32,0
TX,Bailey,25,25,0
TX,Bastrop,8,8,0
TX,Baylor,27,49,0
TX,Bee,40,69,8
TX,Bell,1241,365,90
TX,Bexar,8584,7596,505
TX,Bosque,25,25,0
TX,Bowie,679,864,58
TX,Brazoria,247,312,16
TX,Brazos,579,537,48
TX,Brewster,25,25,3
TX,Brown,77,188,12
TX,Burleson,15,25,0
TX,Burnet,71,71,12
TX,Caldwell,57,59,0
TX,Calhoun,25,25,6
TX,Cameron,1214,1277,96
TX,Camp,25,25,0
TX,Cass,43,43,0
TX,Castro,17,17,0
TX,Chambers,39,39,0
TX,Cherokee,346,97,0
TX,Childress,39,39,0
TX,Clay,25,25,0
TX,Cochran,18,18,0
TX,Coleman,25,25,0
TX,Collin,1826,1928,82
TX,Collingsworth,13,13,0
TX,Colorado,61,65,0
TX,Comal,324,340,16
TX,Comanche,25,25,0
TX,Concho,16,16,0
TX,Cooke,54,78,5
TX,Coryell,25,25,4
TX,Crane,25,25,0
TX,Crosby,25,25,0
TX,Culberson,14,14,0
TX,Dallam,21,21,0
TX,Dallas,7823,7317,508
TX,Dawson,22,23,0
TX,De Witt,44,49,0
TX,Deaf Smith,30,42,0
TX,Denton,1464,1349,85
TX,Dimmit,25,25,0
TX,Eastland,36,52,0
TX,Ector,560,638,30
TX,El Paso,2763,2094,225
TX,Ellis,166,189,18
TX,Erath,50,98,5
TX,Falls,36,36,0
TX,Fannin,317,25,2
TX,Fayette,38,65,0
TX,Fisher,14,14,0
TX,Floyd,25,25,0
TX,Fort Bend,1327,1268,146
TX,Freestone,37,37,0
TX,Frio,24,22,0
TX,Gaines,25,33,0
TX,Galveston,1363,252,0
TX,Gillespie,57,86,10
TX,Gonzales,34,33,0
TX,Gray,97,115,8
TX,Grayson,663,623,71
TX,Gregg,644,681,57
TX,Grimes,18,25,0
TX,Guadalupe,123,133,9
TX,Hale,69,68,5
TX,Hamilton,42,42,0
TX,Hansford,14,14,0
TX,Hardeman,24,24,0
TX,Harris,14802,13137,1039
TX,Harrison,149,149,42
TX,Haskell,25,25,0
TX,Hays,391,385,42
TX,Hemphill,15,26,0
TX,Henderson,127,127,10
TX,Hidalgo,2212,2332,195
TX,Hill,25,116,0
TX,Hockley,48,48,0
TX,Hood,48,73,12
TX,Hopkins,56,96,14
TX,Houston,25,0,0
TX,Howard,275,150,8
TX,Hunt,176,181,16
TX,Hutchinson,25,25,4
TX,Jack,17,17,0
TX,Jackson,25,25,0
TX,Jasper,40,59,6
TX,Jefferson,1362,1179,88
TX,Jim Wells,72,135,8
TX,Johnson,346,501,35
TX,Jones,7,45,0
TX,Karnes,25,25,0
TX,Kaufman,351,91,8
TX,Kerr,302,124,12
TX,Kimble,15,15,0
TX,Kleberg,50,96,10
TX,Knox,28,28,0
TX,Lamar,154,202,20
TX,Lamb,42,75,0
TX,Lampasas,25,25,0
TX,Lavaca,50,50,3
TX,Liberty,41,32,0
TX,Limestone,69,78,6
TX,Llano,25,27,0
TX,Lubbock,2730,1569,194
TX,Lynn,25,24,0
TX,Madison,15,25,0
TX,Martin,18,18,0
TX,Matagorda,63,75,6
TX,Maverick,86,101,10
TX,Mcculloch,14,25,0
TX,Mclennan,738,526,42
TX,Medina,25,25,0
TX,Midland,626,554,0
TX,Mitchell,25,25,0
TX,Montague,55,87,0
TX,Montgomery,1491,1431,113
TX,Moore,19,25,3
TX,Nacogdoches,297,392,27
TX,Navarro,49,162,9
TX,Nolan,39,86,5
TX,Nueces,1808,1872,105
TX,Ochiltree,25,25,0
TX,Palo Pinto,48,74,8
TX,Panola,42,42,0
TX,Parker,108,129,20
TX,Parmer,25,25,0
TX,Pecos,39,39,0
TX,Polk,52,66,8
TX,Potter,1354,967,51
TX,Reagan,7,7,0
TX,Reeves,25,25,0
TX,Refugio,20,0,0
TX,Rockwall,61,69,6
TX,Runnels,31,50,0
TX,Rusk,41,96,0
TX,Sabine,25,25,0
TX,San Augustine,9,18,0
TX,Schleicher,14,14,0
TX,Scurry,25,25,0
TX,Smith,1632,1234,211
TX,Somervell,16,16,0
TX,Starr,48,48,0
TX,Stephens,14,40,0
TX,Stonewall,20,20,0
TX,Sutton,12,12,0
TX,Swisher,20,20,0
TX,Tarrant,5952,5762,372
TX,Taylor,733,878,66
TX,Terry,26,45,0
TX,Throckmorton,14,14,0
TX,Titus,49,174,8
TX,Tom Green,580,470,29
TX,Travis,3005,2714,301
TX,Tyler,25,49,0
TX,Upton,26,29,0
TX,Uvalde,21,25,6
TX,Val Verde,47,93,7
TX,Victoria,685,717,35
TX,Walker,90,123,6
TX,Ward,21,25,0
TX,Washington,50,60,5
TX,Webb,515,557,56
TX,Wharton,26,49,4
TX,Wheeler,41,41,0
TX,Wichita,812,479,12
TX,Wilbarger,398,47,0
TX,Williamson,954,848,100
TX,Wilson,44,44,4
TX,Winkler,19,19,0
TX,Wise,49,99,21
TX,Wood,48,50,0
TX,Yoakum,24,24,0
TX,Young,50,50,0
UT,Beaver,30,74,0
UT,Box Elder,56,74,0
UT,Cache,152,168,14
UT,Carbon,49,0,6
UT,Davis,310,390,22
UT,Duchesne,35,49,4
UT,Garfield,15,36,0
UT,Grand,17,17,0
UT,Iron,48,48,6
UT,Juab,25,25,0
UT,Kane,25,25,0
UT,Millard,37,37,0
UT,Salt Lake,2967,3377,230
UT,San Juan,32,36,1
UT,Sanpete,43,43,0
UT,Sevier,24,29,0
UT,Summit,37,38,4
UT,Tooele,36,44,4
UT,Uintah,39,39,4
UT,Utah,1227,1384,122
UT,Wasatch,19,19,0
UT,Washington,164,245,32
UT,Weber,457,593,64
VA,Accomack,46,0,10
VA,Albemarle,150,0,12
VA,Alexandria City,339,0,40
VA,Alleghany,95,0,10
VA,Arlington,305,0,32
VA,Augusta,209,0,8
VA,Bath,14,0,0
VA,Bedford,34,0,6
VA,Bristol City,25,0,0
VA,Buchanan,49,0,12
VA,Charlottesville City,786,0,14
VA,Chesapeake City,310,0,28
VA,Chesterfield,450,0,94
VA,Culpeper,70,0,6
VA,Danville City,367,0,34
VA,Dickenson,2,0,0
VA,Emporia City,70,0,7
VA,Essex,67,0,7
VA,Fairfax,2807,0,142
VA,Fauquier,97,0,8
VA,Franklin,37,0,4
VA,Franklin City,75,0,8
VA,Fredericksburg City,533,0,0
VA,Galax City,141,0,10
VA,Giles,25,0,0
VA,Gloucester,67,0,7
VA,Halifax,107,0,12
VA,Hampton City,251,0,24
VA,Hanover,264,0,24
VA,Harrisonburg City,238,0,34
VA,Henrico,1018,0,81
VA,Hopewell City,107,0,17
VA,James City,276,0,26
VA,Lancaster,25,0,0
VA,Lexington City,25,0,0
VA,Loudoun,429,0,33
VA,Lynchburg City,555,0,37
VA,Manassas City,94,0,11
VA,Martinsville City,223,0,0
VA,Mecklenburg,70,0,0
VA,Montgomery,198,0,22
VA,New Kent,94,0,0
VA,Newport News City,605,0,34
VA,Norfolk City,1346,0,87
VA,Norton City,233,0,11
VA,Nottoway,180,0,0
VA,Page,25,0,0
VA,Petersburg City,618,0,28
VA,Portsmouth City,417,0,22
VA,Prince Edward,86,0,8
VA,Prince William,207,0,24
VA,Pulaski,92,0,8
VA,Richmond City,2507,0,33
VA,Roanoke,270,0,0
VA,Roanoke City,747,0,36
VA,Russell,49,0,5
VA,Salem,330,0,24
VA,Shenandoah,25,0,0
VA,Smyth,139,0,4
VA,Spotsylvania,105,0,12
VA,Stafford,90,0,4
VA,Staunton City,132,0,0
VA,Suffolk City,155,0,12
VA,Tazewell,207,0,12
VA,Virginia Beach City,487,0,38
VA,Warren,46,0,8
VA,Washington,115,0,14
VA,Winchester City,389,0,48
VA,Wise,68,0,8
VA,Wythe,92,0,6
VA,York,110,0,0
VI,Saint Croix,77,0,11
VI,Saint Thomas,107,0,8
VT,Addison,25,45,0
VT,Bennington,78,99,10
VT,Caledonia,25,75,4
VT,Chittenden,415,522,21
VT,Franklin,53,70,0
VT,Lamoille,25,43,0
VT,Orange,25,52,2
VT,Orleans,25,49,5
VT,Rutland,124,188,13
VT,Washington,101,130,14
VT,Windham,185,229,0
VT,Windsor,50,144,0
WA,Adams,28,0,0
WA,Asotin,25,0,0
WA,Benton,453,32,44
WA,Chelan,221,0,20
WA,Clallam,103,0,19
WA,Clark,746,220,96
WA,Columbia,25,0,0
WA,Cowlitz,166,346,18
WA,Ferry,25,0,0
WA,Franklin,25,95,0
WA,Garfield,25,0,0
WA,Grant,123,0,12
WA,Grays Harbor,108,0,8
WA,Island,30,0,6
WA,Jefferson,25,0,6
WA,King,4354,2228,541
WA,Kitsap,334,336,20
WA,Kittitas,25,0,6
WA,Klickitat,28,0,0
WA,Lewis,152,0,6
WA,Lincoln,50,0,0
WA,Mason,25,0,6
WA,Okanogan,71,0,0
WA,Pacific,35,0,0
WA,Pend Oreille,20,0,0
WA,Pierce,2531,552,197
WA,San Juan,10,10,0
WA,Skagit,205,25,6
WA,Snohomish,863,0,72
WA,Spokane,1896,16,79
WA,Stevens,48,0,0
WA,Thurston,411,0,72
WA,Walla Walla,120,0,28
WA,Whatcom,207,241,24
WA,Whitman,50,0,6
WA,Yakima,258,0,52
WI,Adams,25,25,0
WI,Ashland,25,35,0
WI,Barron,90,90,5
WI,Brown,828,1278,56
WI,Burnett,25,25,0
WI,Calumet,25,25,0
WI,Chippewa,151,242,6
WI,Clark,25,25,0
WI,Columbia,68,98,10
WI,Crawford,24,25,0
WI,Dane,1901,2075,32
WI,Dodge,245,245,10
WI,Door,25,25,4
WI,Douglas,25,25,0
WI,Dunn,25,25,0
WI,Eau Claire,418,661,40
WI,Fond Du Lac,158,189,15
WI,Grant,75,75,0
WI,Green,58,95,6
WI,Green Lake,25,25,5
WI,Iowa,25,25,0
WI,Jackson,25,25,0
WI,Jefferson,49,82,4
WI,Juneau,40,40,0
WI,Kenosha,492,517,27
WI,La Crosse,395,656,52
WI,Lafayette,25,25,0
WI,Langlade,25,25,4
WI,Lincoln,40,43,0
WI,Manitowoc,127,236,16
WI,Marathon,338,440,52
WI,Marinette,55,99,10
WI,Milwaukee,4025,4651,455
WI,Monroe,50,50,0
WI,Oconto,32,35,0
WI,Oneida,102,172,30
WI,Outagamie,441,492,64
WI,Ozaukee,246,309,46
WI,Pepin,25,25,0
WI,Pierce,25,25,0
WI,Polk,70,73,3
WI,Portage,84,94,12
WI,Price,24,25,4
WI,Racine,657,715,33
WI,Richland,25,25,4
WI,Rock,381,564,33
WI,Rusk,25,25,4
WI,Saint Croix,75,75,0
WI,Sauk,104,161,10
WI,Sawyer,25,25,0
WI,Shawano,25,25,0
WI,Sheboygan,189,370,13
WI,Taylor,25,25,0
WI,Trempealeau,43,43,0
WI,Vernon,50,50,0
WI,Vilas,14,25,0
WI,Walworth,79,134,16
WI,Washburn,45,50,0
WI,Washington,105,141,12
WI,Waukesha,710,1243,64
WI,Waupaca,50,50,4
WI,Waushara,25,25,0
WI,Winnebago,687,795,60
WI,Wood,315,619,4
WV,Barbour,12,72,0
WV,Berkeley,146,241,20
WV,Boone,25,25,0
WV,Braxton,25,25,0
WV,Cabell,1068,961,32
WV,Calhoun,25,42,0
WV,Fayette,50,94,3
WV,Grant,25,61,3
WV,Greenbrier,92,122,12
WV,Hampshire,14,44,0
WV,Hancock,199,251,10
WV,Harrison,423,292,20
WV,Jackson,25,46,0
WV,Jefferson,25,25,5
WV,Kanawha,1706,1381,100
WV,Lewis,220,70,6
WV,Logan,132,140,12
WV,Marion,89,207,14
WV,Marshall,59,127,9
WV,Mason,94,201,5
WV,Mcdowell,49,124,7
WV,Mercer,206,419,17
WV,Mineral,25,25,4
WV,Mingo,27,76,6
WV,Monongalia,1005,985,91
WV,Morgan,25,41,0
WV,Nicholas,49,105,6
WV,Ohio,317,432,22
WV,Pocahontas,25,25,0
WV,Preston,25,25,0
WV,Putnam,70,70,0
WV,Raleigh,413,473,27
WV,Randolph,90,90,0
WV,Roane,25,60,0
WV,Summers,25,25,0
WV,Taylor,25,101,0
WV,Tyler,25,12,0
WV,Upshur,25,51,4
WV,Wayne,80,0,0
WV,Webster,25,15,0
WV,Wetzel,48,58,5
WV,Wood,270,313,18
WY,Albany,66,99,4
WY,Big Horn,22,25,0
WY,Campbell,66,90,14
WY,Carbon,25,25,6
WY,Converse,25,25,0
WY,Crook,16,16,0
WY,Fremont,133,159,12
WY,Goshen,25,25,0
WY,Hot Springs,25,25,0
WY,Johnson,22,25,0
WY,Laramie,252,206,15
WY,Lincoln,35,38,0
WY,Natrona,372,269,14
WY,Niobrara,24,24,0
WY,Park,50,50,4
WY,Platte,25,25,0
WY,Sheridan,71,88,11
WY,Sweetwater,74,115,10
WY,Teton,48,48,6
WY,Uinta,105,42,6
WY,Washakie,18,18,0
WY,Weston,12,12,0
